songNumber,artist,title,path
14038,"Orchestre Baka Gbine","Nawa","/storage/emulated/0/Music/BeatPark/132.75 - Orchestre Baka Gbine - Nawa.mp3"
14431,"Hilight Tribe","Kuku","/storage/emulated/0/Music/BeatPark/144.98 - Hilight Tribe - Kuku.mp3"
14386,"Orchestral Manoeuvre in the Dark","Enola Gay","/storage/emulated/0/Music/BeatPark/143.29 - Orchestral Manoeuvre in the Dark - Enola Gay.mp3"
14465,"Joy Division","Love Will Tear Us Apart","/storage/emulated/0/Music/BeatPark/146.96 - Joy Division - Love Will Tear Us Apart.mp3"
14040,"Gotan Project","Mi Confesion","/storage/emulated/0/Music/BeatPark/132.99 - Gotan Project - Mi Confesion.mp3"
14157,"Eurythmics","Sisters Are Doin It For Themselves","/storage/emulated/0/Music/BeatPark/136.25 - Eurythmics - Sisters Are Doin It For Themselves.mp3"
15020,"Cigar Store Indians","Big Girl Blouse","/storage/emulated/0/Music/BeatPark/181.22 - Cigar Store Indians - Big Girl Blouse.mp3"
11923,"Aloe Blacc","I Need a Dollar","/storage/emulated/0/Music/BeatPark/095.58 - Aloe Blacc - I Need a Dollar.mp3"
12091,"Antonio Vivaldi","L_inverno Four Seasons Concerto no.4","/storage/emulated/0/Music/BeatPark/099.12 - Antonio Vivaldi - L_inverno Four Seasons Concerto no.4.mp3"
14646,"Queen","Don_t Stop Me Now","/storage/emulated/0/Music/BeatPark/156.16 - Queen - Don_t Stop Me Now.mp3"
12155,"Daft Punk","Lose Yourself to Dance","/storage/emulated/0/Music/BeatPark/100.14 - Daft Punk - Lose Yourself to Dance.mp3"
14367,"The Lively Ones","Surf Rider","/storage/emulated/0/Music/BeatPark/142.59 - The Lively Ones - Surf Rider.mp3"
14805,"Le Peuple de lHerbe","No Escape","/storage/emulated/0/Music/BeatPark/166.55 - Le Peuple de lHerbe - No Escape.mp3"
14658,"Poison","Talk Dirty To Me","/storage/emulated/0/Music/BeatPark/157.49 - Poison - Talk Dirty To Me.mp3"
15106,"Robbie Williams","Feel","/storage/emulated/0/Music/BeatPark/195.82 - Robbie Williams - Feel.mp3"
11397,"Rihanna","Take a Bow","/storage/emulated/0/Music/BeatPark/082.01 - Rihanna - Take a Bow.mp3"
14979,"The Gaslight Anthem","45","/storage/emulated/0/Music/BeatPark/177.97 - The Gaslight Anthem - 45.mp3"
14598,"Robert Palmer","Johnny and Marry","/storage/emulated/0/Music/BeatPark/152.89 - Robert Palmer - Johnny and Marry.mp3"
13155,"Seal","Life on the Dancefloor","/storage/emulated/0/Music/BeatPark/120.97 - Seal - Life on the Dancefloor.mp3"
14487,"Hallucinogen","Deranger","/storage/emulated/0/Music/BeatPark/148.47 - Hallucinogen - Deranger.mp3"
15094,"Aloe Blacc","I Need a Dollar","/storage/emulated/0/Music/BeatPark/191.54 - Aloe Blacc - I Need a Dollar.mp3"
15072,"Miley Cyrus","FU","/storage/emulated/0/Music/BeatPark/189.73 - Miley Cyrus - FU.mp3"
14509,"Sisters of Mercy","This Corrosion","/storage/emulated/0/Music/BeatPark/149.58 - Sisters of Mercy - This Corrosion.mp3"
14363,"Morrissey","Do Your Best and Dont Worry","/storage/emulated/0/Music/BeatPark/142.28 - Morrissey - Do Your Best and Dont Worry.mp3"
14693,"The Rolling Stones","Paint It Black","/storage/emulated/0/Music/BeatPark/159.50 - The Rolling Stones - Paint It Black.mp3"
14535,"Florence and the Machine","Dog days are over","/storage/emulated/0/Music/BeatPark/150.01 - Florence and the Machine - Dog days are over.mp3"
14938,"Stevie Wonder","Part-Time Lover","/storage/emulated/0/Music/BeatPark/174.77 - Stevie Wonder - Part-Time Lover.mp3"
14545,"The Prodigy","Scienide","/storage/emulated/0/Music/BeatPark/150.06 - The Prodigy - Scienide.mp3"
11878,"Caserta","Heaven","/storage/emulated/0/Music/BeatPark/094.94 - Caserta - Heaven.mp3"
11618,"Sade","Your Love is King","/storage/emulated/0/Music/BeatPark/089.79 - Sade - Your Love is King.mp3"
15104,"Travis Denning","Ballad of Rudolph","/storage/emulated/0/Music/BeatPark/195.55 - Travis Denning - Ballad of Rudolph.mp3"
15042,"Cherry Poppin Daddies","ZootSuit Riot","/storage/emulated/0/Music/BeatPark/184.08 - Cherry Poppin Daddies - ZootSuit Riot.mp3"
14467,"The Last Shadow Puppets","The age of the understatement","/storage/emulated/0/Music/BeatPark/146.96 - The Last Shadow Puppets - The age of the understatement.mp3"
11920,"Flyleaf","Set Me on Fire","/storage/emulated/0/Music/BeatPark/095.46 - Flyleaf - Set Me on Fire.mp3"
14419,"Green Nuns of the Revolution","Conflict","/storage/emulated/0/Music/BeatPark/144.63 - Green Nuns of the Revolution - Conflict.mp3"
15026,"Cigar Store Indians","Tossin N Turnin","/storage/emulated/0/Music/BeatPark/182.06 - Cigar Store Indians - Tossin N Turnin.mp3"
14461,"Julian Casablancas","Left Right in the Dark","/storage/emulated/0/Music/BeatPark/146.24 - Julian Casablancas - Left Right in the Dark.mp3"
14830,"Red Zebra","I can_t Live in a Living Room","/storage/emulated/0/Music/BeatPark/167.97 - Red Zebra - I can_t Live in a Living Room.mp3"
11854,"The Vaccines","Dream Lover","/storage/emulated/0/Music/BeatPark/094.03 - The Vaccines - Dream Lover.mp3"
11256,"Patrick Doyle","Merida_s Home-Brave Soundtrack","/storage/emulated/0/Music/BeatPark/070.04 - Patrick Doyle - Merida_s Home-Brave Soundtrack.mp3"
14128,"Miles Davis","High Speed Chase","/storage/emulated/0/Music/BeatPark/135.92 - Miles Davis - High Speed Chase.mp3"
14463,"Flash and The Pan","Lady Killer","/storage/emulated/0/Music/BeatPark/146.54 - Flash and The Pan - Lady Killer.mp3"
13485,"Shania Twain","That don_t impress me much","/storage/emulated/0/Music/BeatPark/125.00 - Shania Twain - That don_t impress me much.mp3"
15036,"My Chemical Romance","Vampire Money","/storage/emulated/0/Music/BeatPark/182.83 - My Chemical Romance - Vampire Money.mp3"
14421,"De Staat","Witch Doctor","/storage/emulated/0/Music/BeatPark/144.77 - De Staat - Witch Doctor.mp3"
14491,"The Herbaliser","The Missing Suitcase","/storage/emulated/0/Music/BeatPark/149.02 - The Herbaliser - The Missing Suitcase.mp3"
15112,"Metallica","Blitzkrieg","/storage/emulated/0/Music/BeatPark/197.20 - Metallica - Blitzkrieg.mp3"
11403,"Emilie Simon","Desert-Version Anglaise","/storage/emulated/0/Music/BeatPark/082.05 - Emilie Simon - Desert-Version Anglaise.mp3"
13623,"Casada","Summer of Love","/storage/emulated/0/Music/BeatPark/127.66 - Casada - Summer of Love.mp3"
14215,"Coldplay","Viva la vida","/storage/emulated/0/Music/BeatPark/138.04 - Coldplay - Viva la vida.mp3"
11687,"A-HA","Crying in the Rain","/storage/emulated/0/Music/BeatPark/090.00 - A-HA - Crying in the Rain.mp3"
11400,"Sam Smith","I_m not the only one","/storage/emulated/0/Music/BeatPark/082.01 - Sam Smith - I_m not the only one.mp3"
11594,"Goldroom","Fifteen","/storage/emulated/0/Music/BeatPark/089.00 - Goldroom - Fifteen.mp3"
11986,"Phreek","May My Love Be With You","/storage/emulated/0/Music/BeatPark/096.77 - Phreek - May My Love Be With You.mp3"
11319,"Ed Sheeran","Thinking out Loud","/storage/emulated/0/Music/BeatPark/078.99 - Ed Sheeran - Thinking out Loud.mp3"
14146,"Digitalism","Pogo","/storage/emulated/0/Music/BeatPark/136.00 - Digitalism - Pogo.mp3"
11768,"Say Lou Lou","Julian-Lissvik Remix","/storage/emulated/0/Music/BeatPark/092.03 - Say Lou Lou - Julian-Lissvik Remix.mp3"
14594,"Omar Souleyman","Shift Al Mani","/storage/emulated/0/Music/BeatPark/152.44 - Omar Souleyman - Shift Al Mani.mp3"
13963,"Benny Bennasi","Satisfaction","/storage/emulated/0/Music/BeatPark/130.05 - Benny Bennasi - Satisfaction.mp3"
14330,"Gabrielle Roth and The Mirrors","Skinny Lights","/storage/emulated/0/Music/BeatPark/140.64 - Gabrielle Roth and The Mirrors - Skinny Lights.mp3"
11462,"Adrian Von Ziegler","Wolf Blood","/storage/emulated/0/Music/BeatPark/084.86 - Adrian Von Ziegler - Wolf Blood.mp3"
15132,"Scythian","Galway Girl","/storage/emulated/0/Music/BeatPark/200.34 - Scythian - Galway Girl.mp3"
14634,"Oro Solido","Maria Se Fue","/storage/emulated/0/Music/BeatPark/155.10 - Oro Solido - Maria Se Fue.mp3"
14816,"The Black Keys","Lonely Boy","/storage/emulated/0/Music/BeatPark/167.56 - The Black Keys - Lonely Boy.mp3"
11825,"Coldplay","Magic","/storage/emulated/0/Music/BeatPark/093.16 - Coldplay - Magic.mp3"
14070,"Bronski Beat","Smalltown Boy","/storage/emulated/0/Music/BeatPark/134.00 - Bronski Beat - Smalltown Boy.mp3"
11561,"Enigma","Return to Innocence","/storage/emulated/0/Music/BeatPark/088.03 - Enigma - Return to Innocence.mp3"
15022,"Blondie","Accidents Never Happen","/storage/emulated/0/Music/BeatPark/181.42 - Blondie - Accidents Never Happen.mp3"
13255,"Lipps Inc.","Funky Town","/storage/emulated/0/Music/BeatPark/122.43 - Lipps Inc. - Funky Town.mp3"
14483,"Dire Straits","Twisting by the pool","/storage/emulated/0/Music/BeatPark/148.22 - Dire Straits - Twisting by the pool.mp3"
11819,"Adam Lambert","Whataya Want from Me","/storage/emulated/0/Music/BeatPark/093.01 - Adam Lambert - Whataya Want from Me.mp3"
14725,"Alex Reece","Jazz Master","/storage/emulated/0/Music/BeatPark/159.96 - Alex Reece - Jazz Master.mp3"
11642,"Alain Souchon","Bidon","/storage/emulated/0/Music/BeatPark/089.94 - Alain Souchon - Bidon.mp3"
14940,"Metallica","Motorbreath","/storage/emulated/0/Music/BeatPark/174.80 - Metallica - Motorbreath.mp3"
14822,"Janelle Monae","Tightrope","/storage/emulated/0/Music/BeatPark/167.84 - Janelle Monae - Tightrope.mp3"
14516,"Headhunterz","The Power of the Mind","/storage/emulated/0/Music/BeatPark/149.93 - Headhunterz - The Power of the Mind.mp3"
13209,"Debut De Soiree","Nuit de Folie","/storage/emulated/0/Music/BeatPark/121.97 - Debut De Soiree - Nuit de Folie.mp3"
15140,"REM","It_s the End of the World","/storage/emulated/0/Music/BeatPark/206.05 - REM - It_s the End of the World.mp3"
14259,"Astral Projection","Techno Drome","/storage/emulated/0/Music/BeatPark/139.90 - Astral Projection - Techno Drome.mp3"
14961,"The Brian Setzer Orchestra","Rumble in Brighton","/storage/emulated/0/Music/BeatPark/176.95 - The Brian Setzer Orchestra - Rumble in Brighton.mp3"
14472,"Bjork","Pluto","/storage/emulated/0/Music/BeatPark/147.65 - Bjork - Pluto.mp3"
14967,"Sigur Ros","Gobbledigook","/storage/emulated/0/Music/BeatPark/177.39 - Sigur Ros - Gobbledigook.mp3"
14589,"UNKLE","With You In My Head","/storage/emulated/0/Music/BeatPark/151.75 - UNKLE - With You In My Head.mp3"
11585,"The Five Stairsteps","O-o-h Child","/storage/emulated/0/Music/BeatPark/088.83 - The Five Stairsteps - O-o-h Child.mp3"
14474,"Metronomy","Back On The Motorway","/storage/emulated/0/Music/BeatPark/148.01 - Metronomy - Back On The Motorway.mp3"
15006,"Dollinar","Ostara Blood","/storage/emulated/0/Music/BeatPark/180.05 - Dollinar - Ostara Blood.mp3"
15136,"Danko Jones","Gonna Be a Fight Tonight","/storage/emulated/0/Music/BeatPark/201.86 - Danko Jones - Gonna Be a Fight Tonight.mp3"
14950,"The Postal Service","Such Great Heights","/storage/emulated/0/Music/BeatPark/175.10 - The Postal Service - Such Great Heights.mp3"
13973,"Outback","Baka","/storage/emulated/0/Music/BeatPark/130.31 - Outback - Baka.mp3"
14861,"Watatah","Los Feferes","/storage/emulated/0/Music/BeatPark/169.88 - Watatah - Los Feferes.mp3"
15056,"The Mavericks","As Long As There_s Loving Tonight","/storage/emulated/0/Music/BeatPark/185.40 - The Mavericks - As Long As There_s Loving Tonight.mp3"
14987,"Motley Crue","Kickstart My Heart","/storage/emulated/0/Music/BeatPark/178.85 - Motley Crue - Kickstart My Heart.mp3"
13967,"David Guetta","Memories","/storage/emulated/0/Music/BeatPark/130.06 - David Guetta - Memories.mp3"
14485,"Hilight Tribe","Athnongara","/storage/emulated/0/Music/BeatPark/148.35 - Hilight Tribe - Athnongara.mp3"
14845,"Clan Greco","Tilt Live","/storage/emulated/0/Music/BeatPark/168.17 - Clan Greco - Tilt Live.mp3"
11418,"Hoobastank","The Reason","/storage/emulated/0/Music/BeatPark/082.98 - Hoobastank - The Reason.mp3"
14702,"Cigar Store Indians","She Makes Me Come Undone","/storage/emulated/0/Music/BeatPark/159.69 - Cigar Store Indians - She Makes Me Come Undone.mp3"
14826,"Cyndi Lauper","Hole In My Heart","/storage/emulated/0/Music/BeatPark/167.90 - Cyndi Lauper - Hole In My Heart.mp3"
15048,"Rhapsody","Knightrider of Doom","/storage/emulated/0/Music/BeatPark/184.76 - Rhapsody - Knightrider of Doom.mp3"
14993,"Merengue Latin Band","Nao Nao Nao","/storage/emulated/0/Music/BeatPark/179.13 - Merengue Latin Band - Nao Nao Nao.mp3"
14393,"James Brown","I Got You (I Feel Good)","/storage/emulated/0/Music/BeatPark/143.52 - James Brown - I Got You (I Feel Good).mp3"
14859,"Yi-Way-Pi","Si Como No","/storage/emulated/0/Music/BeatPark/169.84 - Yi-Way-Pi - Si Como No.mp3"
14738,"The Beach Boys","Surfin USA","/storage/emulated/0/Music/BeatPark/160.03 - The Beach Boys - Surfin USA.mp3"
15032,"The Pointer Sisters","I_m So Excited","/storage/emulated/0/Music/BeatPark/182.49 - The Pointer Sisters - I_m So Excited.mp3"
14729,"Men Without Hats","The Girl With Silicon Eyes","/storage/emulated/0/Music/BeatPark/159.99 - Men Without Hats - The Girl With Silicon Eyes.mp3"
15060,"Bill Conti","Gonna Fly Now","/storage/emulated/0/Music/BeatPark/188.30 - Bill Conti - Gonna Fly Now.mp3"
14085,"Balthazar","Then What","/storage/emulated/0/Music/BeatPark/134.49 - Balthazar - Then What.mp3"
13221,"Jean-Jacques Goldman","C_est ta Chance","/storage/emulated/0/Music/BeatPark/122.03 - Jean-Jacques Goldman - C_est ta Chance.mp3"
14751,"Staff Benda Bilili","Avramandole","/storage/emulated/0/Music/BeatPark/160.23 - Staff Benda Bilili - Avramandole.mp3"
14433,"Infected Mushrooms","Vicious Delicious","/storage/emulated/0/Music/BeatPark/145.02 - Infected Mushrooms - Vicious Delicious.mp3"
14677,"Joe Jackson","Steppin Out","/storage/emulated/0/Music/BeatPark/158.85 - Joe Jackson - Steppin Out.mp3"
14885,"Misanthrop","Black Rain","/storage/emulated/0/Music/BeatPark/171.86 - Misanthrop - Black Rain.mp3"
15024,"Amarfis and La Banda De Atakke","El Pollo","/storage/emulated/0/Music/BeatPark/182.05 - Amarfis and La Banda De Atakke - El Pollo.mp3"
14890,"Noisia","Cold Champagne","/storage/emulated/0/Music/BeatPark/172.05 - Noisia - Cold Champagne.mp3"
11459,"Sam Smith","Stay With Me","/storage/emulated/0/Music/BeatPark/084.55 - Sam Smith - Stay With Me.mp3"
14048,"Soulwax","NY Excuse","/storage/emulated/0/Music/BeatPark/133.34 - Soulwax - NY Excuse.mp3"
14849,"A-HA","Take On Me","/storage/emulated/0/Music/BeatPark/169.05 - A-ha - Take On Me.mp3"
13152,"Ken Miller","Space Command March","/storage/emulated/0/Music/BeatPark/120.97 - Ken Miller - Space Command March.mp3"
14371,"Boozoo Bajou","Night Over Manaus","/storage/emulated/0/Music/BeatPark/142.86 - Boozoo Bajou - Night Over Manaus.mp3"
14115,"The Killers","Human","/storage/emulated/0/Music/BeatPark/135.49 - The Killers - Human.mp3"
14684,"Outkast","Hey Ya","/storage/emulated/0/Music/BeatPark/159.03 - Outkast - Hey Ya.mp3"
14133,"Pitbull and Christina Aguilera","Feel this Moment","/storage/emulated/0/Music/BeatPark/135.98 - Pitbull and Christina Aguilera - Feel this Moment.mp3"
14600,"Jermaine Jackson","When the Rain Begins to Fall","/storage/emulated/0/Music/BeatPark/153.04 - Jermaine Jackson - When the Rain Begins to Fall.mp3"
14952,"Dick Dale and His Del-Tones","Riders in the Sky","/storage/emulated/0/Music/BeatPark/175.30 - Dick Dale and His Del-Tones - Riders in the Sky.mp3"
14628,"Ike and Tina Turner","River Deep Mountain High","/storage/emulated/0/Music/BeatPark/155.09 - Ike and Tina Turner - River Deep Mountain High.mp3"
15142,"Vannebos Dixielandband","Five Foot Two","/storage/emulated/0/Music/BeatPark/209.13 - Vannebos Dixielandband - Five Foot Two.mp3"
14404,"Ultravox","Dancing With Tears In My Eyes","/storage/emulated/0/Music/BeatPark/143.97 - Ultravox - Dancing With Tears In My Eyes.mp3"
15126,"Destiny_s Child","Fancy","/storage/emulated/0/Music/BeatPark/199.91 - Destiny_s Child - Fancy.mp3"
11998,"Woolfy vs Projections","Carry On","/storage/emulated/0/Music/BeatPark/096.96 -  Woolfy vs Projections - Carry On.mp3"
13125,"Pharrell Williams","Come Get it Bae","/storage/emulated/0/Music/BeatPark/120.14 - Pharrell Williams - Come Get it Bae.mp3"
14720,"DJ Food","Fungle Junk_Lemon D Jazz remix","/storage/emulated/0/Music/BeatPark/159.89 - DJ Food - Fungle Junk_Lemon D Jazz remix.mp3"
14686,"Kaiser Chiefs","I Predict a Riot","/storage/emulated/0/Music/BeatPark/159.25 - Kaiser Chiefs - I Predict a Riot.mp3"
12025,"Francoise Hardy","L_anamour","/storage/emulated/0/Music/BeatPark/097.42 - Francoise Hardy - L_anamour.mp3"
14248,"Brainstorm","Lovin Is Really My Game","/storage/emulated/0/Music/BeatPark/139.81 - Brainstorm - Lovin Is Really My Game.mp3"
14963,"Billy Idol","Dancing With Myself","/storage/emulated/0/Music/BeatPark/177.02 - Billy Idol - Dancing With Myself.mp3"
11600,"Warren Zevon","Keep Me In Your Heart","/storage/emulated/0/Music/BeatPark/089.03 - Warren Zevon - Keep Me In Your Heart.mp3"
11301,"Massive Attack","Teardrop","/storage/emulated/0/Music/BeatPark/077.01 - Massive Attack - Teardrop.mp3"
15062,"Annett Louisan","Druck die 1","/storage/emulated/0/Music/BeatPark/188.32 - Annett Louisan - Druck die 1.mp3"
14281,"Nicola Conte","La Coda del Diavolo","/storage/emulated/0/Music/BeatPark/139.99 - Nicola Conte - La Coda del Diavolo.mp3"
14632,"Los Hermanos Rosario","La Duena del Swing","/storage/emulated/0/Music/BeatPark/155.10 - Los Hermanos Rosario - La Duena del Swing.mp3"
15044,"Jimmy Eat World","A Praise Chorus","/storage/emulated/0/Music/BeatPark/184.51 - Jimmy Eat World - A Praise Chorus.mp3"
11513,"Royal Blood","Ten Tonne Skeleton","/storage/emulated/0/Music/BeatPark/086.96 - Royal Blood - Ten Tonne Skeleton.mp3"
14097,"Daddy DJ","Daddy DJ","/storage/emulated/0/Music/BeatPark/135.00 - Daddy DJ - Daddy DJ.mp3"
14050,"ABBA","Lay All Your Love On Me","/storage/emulated/0/Music/BeatPark/133.40 - Abba - Lay All Your Love On Me.mp3"
15008,"Clan Greco","Atmo","/storage/emulated/0/Music/BeatPark/180.08 - Clan Greco - Atmo.mp3"
11412,"Musique de la Legion Etrangere","Marche de la Legion Etrangere","/storage/emulated/0/Music/BeatPark/082.50 - Musique de la Legion Etrangere - Marche de la Legion Etrangere.mp3"
14857,"Clan Greco","Turn On Five","/storage/emulated/0/Music/BeatPark/169.79 - Clan Greco - Turn On Five.mp3"
13539,"Hans Zimmer","Dream Is Collapsing","/storage/emulated/0/Music/BeatPark/125.98 - Hans Zimmer - Dream Is Collapsing.mp3"
14700,"Blondie","Maria","/storage/emulated/0/Music/BeatPark/159.69 - Blondie - Maria.mp3"
14727,"Venetian Snares","Chainsaw Fellatio","/storage/emulated/0/Music/BeatPark/159.98 - Venetian Snares - Chainsaw Fellatio.mp3"
13975,"New Order","Blue Monday","/storage/emulated/0/Music/BeatPark/130.38 - New Order - Blue Monday.mp3"
14959,"Bruce Springsteen","Pay Me My Money Down","/storage/emulated/0/Music/BeatPark/176.24 - Bruce Springsteen - Pay Me My Money Down.mp3"
11792,"Michalis Nikoloudis","Armenistis","/storage/emulated/0/Music/BeatPark/092.50 - Michalis Nikoloudis - Armenistis.mp3"
14923,"Kenny Loggins","Footloose","/storage/emulated/0/Music/BeatPark/174.10 - Kenny Loggins - Footloose.mp3"
13625,"Parov Stelar","Hotel Axos","/storage/emulated/0/Music/BeatPark/127.72 - Parov Stelar - Hotel Axos.mp3"
11247,"Adamo","Viens ma Brune","/storage/emulated/0/Music/BeatPark/068.51 - Adamo - Viens ma Brune.mp3"
13203,"The Michael Zager Band","Let_s All Chant","/storage/emulated/0/Music/BeatPark/121.90 - The Michael Zager Band - Let_s All Chant.mp3"
14671,"Robots In Disguise","Happiness V Sadness","/storage/emulated/0/Music/BeatPark/158.33 - Robots In Disguise - Happiness V Sadness.mp3"
11361,"Roxette","It Must Have Been Love","/storage/emulated/0/Music/BeatPark/080.66 - Roxette - It Must Have Been Love.mp3"
14895,"Dire Straits","Walk of Life","/storage/emulated/0/Music/BeatPark/172.20 - Dire Straits - Walk of Life.mp3"
14219,"Francis Bebey","Ngoma likembe","/storage/emulated/0/Music/BeatPark/138.31 - Francis Bebey - Ngoma likembe.mp3"
15018,"Dick Dales and His Del-Tones","What_d I Say","/storage/emulated/0/Music/BeatPark/180.72 - Dick Dale and His Del-Tones - What_d I Say.mp3"
15070,"Keb Mo","Angelina","/storage/emulated/0/Music/BeatPark/189.71 - Keb Mo - Angelina.mp3"
14426,"Propaganda","Duel","/storage/emulated/0/Music/BeatPark/144.93 - Propaganda - Duel.mp3"
12028,"Veronique Sanson","Chanson sur ma drole de vie","/storage/emulated/0/Music/BeatPark/097.62 - Veronique Sanson - Chanson sur ma drole de vie.mp3"
15130,"The Spy From Cairo","Alladin Dub","/storage/emulated/0/Music/BeatPark/200.12 - The Spy From Cairo - Alladin Dub.mp3"
14731,"Eric Hutchinson","A Little More","/storage/emulated/0/Music/BeatPark/160.00 - Eric Hutchinson - A Little More.mp3"
11896,"Roxette","The Look","/storage/emulated/0/Music/BeatPark/095.00 - Roxette - The Look.mp3"
14698,"Spyro Gyra","Shakedown","/storage/emulated/0/Music/BeatPark/159.64 - Spyro Gyra - Shakedown.mp3"
14740,"Raul Acosta y Oro Solido","Mueve La Booty","/storage/emulated/0/Music/BeatPark/160.04 - Raul Acosta y Oro Solido - Mueve La Booty.mp3"
15046,"David Bowie","Modern Love","/storage/emulated/0/Music/BeatPark/184.71 - David Bowie - Modern Love.mp3"
14388,"MIA","Bad Girls","/storage/emulated/0/Music/BeatPark/143.33 - MIA - Bad Girls.mp3"
14828,"Kruder and Dorfmeister","Black Baby","/storage/emulated/0/Music/BeatPark/167.90 - Kruder and Dorfmeister - Black Baby.mp3"
11558,"Alain Souchon","Derriere les Mots","/storage/emulated/0/Music/BeatPark/088.02 - Alain Souchon - Derriere les Mots.mp3"
14507,"Garrangali","From Rirratjingu to Djambarrpuyngu","/storage/emulated/0/Music/BeatPark/149.54 - Garrangali - From Rirratjingu to Djambarrpuyngu.mp3"
11726,"FKJ","Instant Need","/storage/emulated/0/Music/BeatPark/091.32 - FKJ - Instant Need.mp3"
14977,"Ed Rush and Optical","Titanium","/storage/emulated/0/Music/BeatPark/177.95 - Ed Rush and Optical - Titanium.mp3"
14840,"Ladytron","International Dateline","/storage/emulated/0/Music/BeatPark/168.13 - Ladytron - International Dateline.mp3"
15110,"Casey MacGill and The Spirits of Rhythm","Rhythm","/storage/emulated/0/Music/BeatPark/196.97 - Casey MacGill and The Spirits of Rhythm - Rhythm.mp3"
11696,"Lindstrom","Music in My Mind","/storage/emulated/0/Music/BeatPark/090.01 - Lindstrom - Music in My Mind.mp3"
15092,"Adam Ant","Goody Two Shoes","/storage/emulated/0/Music/BeatPark/191.31 - Adam Ant - Goody Two Shoes.mp3"
14877,"Oro Solido","El Beeper_Mexicana","/storage/emulated/0/Music/BeatPark/170.23 - Oro Solido - El Beeper_Mexicana.mp3"
14793,"Radiohead","Jigsaw Falling into Place","/storage/emulated/0/Music/BeatPark/164.95 - Radiohead - Jigsaw Falling into Place.mp3"
14766,"Kings of Leon","Coming Back Again","/storage/emulated/0/Music/BeatPark/162.41 - Kings of Leon - Coming Back Again.mp3"
14596,"The Baseballs","Hot_n Cold","/storage/emulated/0/Music/BeatPark/152.85 - The Baseballs - Hot_n Cold.mp3"
11310,"Zucchero","Senza Una Donna","/storage/emulated/0/Music/BeatPark/078.65 - Zucchero - Senza Una Donna.mp3"
14814,"Daryl Hall and John Oates","You Make My Dreams","/storage/emulated/0/Music/BeatPark/166.98 - Daryl Hall and John Oates - You Make My Dreams.mp3"
14782,"Joe Arroyo and La Verdad","Yamulemau","/storage/emulated/0/Music/BeatPark/164.56 - Joe Arroyo and La Verdad - Yamulemau.mp3"
11983,"Linkwood","Tears","/storage/emulated/0/Music/BeatPark/096.44 - Linkwood - Tears.mp3"
15114,"Dead Kennedys","Holiday in Cambodia","/storage/emulated/0/Music/BeatPark/197.73 - Dead Kennedys - Holiday in Cambodia.mp3"
11415,"John Lennon","Watching the Wheels","/storage/emulated/0/Music/BeatPark/082.56 - John Lennon - Watching the Wheels.mp3"
14000,"Earth Wind and Fire and The Emotions","Boogie_Wonderland","/storage/emulated/0/Music/BeatPark/131.73 - Earth Wind and Fire and The Emotions - Boogie_Wonderland.mp3"
11711,"Michel Sardou","Le Surveillant General","/storage/emulated/0/Music/BeatPark/090.54 - Michel Sardou - Le Surveillant General.mp3"
14985,"The Blues Brothers","Going Back To Miami","/storage/emulated/0/Music/BeatPark/178.80 - The Blues Brothers - Going Back To Miami.mp3"
13098,"Robert Latreille son Orchestre et ses Choeurs","Boire un Petit Coup C_est Agreable","/storage/emulated/0/Music/BeatPark/120.04 - Robert Latreille son Orchestre et ses Choeurs - Boire un Petit Coup C_est Agreable.mp3"
14175,"Rodrigo y Gabriela","Diablo Rojo","/storage/emulated/0/Music/BeatPark/137.23 - Rodrigo y Gabriela - Diablo Rojo.mp3"
11866,"Shaggy","It Wasn_t Me","/storage/emulated/0/Music/BeatPark/094.59 - Shaggy - It Wasn_t Me.mp3"
14784,"Goran Bregovic","Hopa Cupa","/storage/emulated/0/Music/BeatPark/164.63 - Goran Bregovic - Hopa Cupa.mp3"
13712,"Vato Gonzalez","Monkey Riddim","/storage/emulated/0/Music/BeatPark/128.01 - Vato Gonzalez - Monkey Riddim.mp3"
14925,"La Banda Gorda","Traigo Fuego","/storage/emulated/0/Music/BeatPark/174.14 - La Banda Gorda - Traigo Fuego.mp3"
14901,"Spor","Breathe In Scream Out","/storage/emulated/0/Music/BeatPark/172.88 - Spor - Breathe In Scream Out.mp3"
12973,"Jane Birkin Mickey 3d","Je m_appelle Jane","/storage/emulated/0/Music/BeatPark/119.56 - Jane Birkin Mickey 3d - Je m_appelle Jane.mp3"
14602,"Franz Ferdinand","Love Illumination","/storage/emulated/0/Music/BeatPark/153.07 - Franz Ferdinand - Love Illumination.mp3"
14233,"Michael Jackson","Beat It","/storage/emulated/0/Music/BeatPark/138.89 - Michael Jackson - Beat It.mp3"
14791,"DJ Shadow","Building Steam With A Grain Of Sand","/storage/emulated/0/Music/BeatPark/164.92 - DJ Shadow - Building Steam With A Grain Of Sand.mp3"
14755,"Rod Stewart","Young Turks","/storage/emulated/0/Music/BeatPark/160.88 - Rod Stewart - Young Turks.mp3"
14498,"George Harrison","Got my mind set on you","/storage/emulated/0/Music/BeatPark/149.13 - George Harrison - Got my mind set on you.mp3"
14604,"Omar Souleyman","Dabke","/storage/emulated/0/Music/BeatPark/153.23 - Omar Souleyman - Dabke.mp3"
11762,"Rihanna","Diamonds","/storage/emulated/0/Music/BeatPark/092.01 - Rihanna - Diamonds.mp3"
11591,"Olly Murs","Hand on Heart","/storage/emulated/0/Music/BeatPark/088.98 - Olly Murs - Hand on Heart.mp3"
14881,"Adrian Simionescu","Tutti Frutti","/storage/emulated/0/Music/BeatPark/171.03 - Adrian Simionescu - Tutti Frutti.mp3"
14537,"Red Hot Chili Peppers","Readymade","/storage/emulated/0/Music/BeatPark/150.02 - Red Hot Chili Peppers - Readymade.mp3"
14445,"The Clash","Clampdown","/storage/emulated/0/Music/BeatPark/145.90 - The Clash - Clampdown.mp3"
14581,"Daler Mehndi","Shaa Ra Ra Ra","/storage/emulated/0/Music/BeatPark/150.88 - Daler Mehndi - Shaa Ra Ra Ra.mp3"
13805,"Proxy","Raven","/storage/emulated/0/Music/BeatPark/128.24 - Proxy - Raven.mp3"
15082,"Oro Solido","Chicharron","/storage/emulated/0/Music/BeatPark/190.12 - Oro Solido - Chicharron.mp3"
12080,"Drop Out Orchestra","My World Is Empty Without Dub","/storage/emulated/0/Music/BeatPark/099.00 - Drop Out Orchestra - My World Is Empty Without Dub.mp3"
15038,"Truby Trio","Donaueschingen (K and D remix)","/storage/emulated/0/Music/BeatPark/183.98 - Truby Trio - Donaueschingen (K and D remix).mp3"
14200,"Das Pop","The Game","/storage/emulated/0/Music/BeatPark/137.94 - Das Pop - The Game.mp3"
11729,"Hector Berlioz","Hungarian March","/storage/emulated/0/Music/BeatPark/091.46 - Hector Berlioz - Hungarian March.mp3"
14652,"The Bambi Molester","Theme from Slaying Beauty","/storage/emulated/0/Music/BeatPark/156.60 - The Bambi Molester - Theme from Slaying Beauty.mp3"
15088,"MIA","Paper Planes","/storage/emulated/0/Music/BeatPark/190.64 - MIA - Paper Planes.mp3"
13382,"Jacques Dutronc","La Fille de Pere Noel","/storage/emulated/0/Music/BeatPark/124.26 - Jacques Dutronc - La Fille de Pere Noel.mp3"
15080,"Noisettes","Wild Young Hearts","/storage/emulated/0/Music/BeatPark/190.06 - Noisettes - Wild Young Hearts.mp3"
15068,"Manowar","Wheels of Fire","/storage/emulated/0/Music/BeatPark/189.20 - Manowar - Wheels of Fire.mp3"
11355,"The Temptations","Ball of Confusion-That_s What The World is Today","/storage/emulated/0/Music/BeatPark/080.31 - The Temptations - Ball of Confusion-That_s What The World is Today.mp3"
14879,"Hairspray","You Cant Stop the Beat","/storage/emulated/0/Music/BeatPark/170.35 - Hairspray - You Cant Stop the Beat.mp3"
11579,"Nothing but Thieves","Trip Switch","/storage/emulated/0/Music/BeatPark/088.49 - Nothing but Thieves - Trip Switch.mp3"
13984,"Daan","Housewife","/storage/emulated/0/Music/BeatPark/130.97 - Daan - Housewife.mp3"
11851,"The Corrs","The Right Time","/storage/emulated/0/Music/BeatPark/094.02 - The Corrs - The Right Time.mp3"
15118,"Rihanna","Pon De Replay","/storage/emulated/0/Music/BeatPark/198.15 - Rihanna - Pon De Replay.mp3"
15078,"Rhapsody","Dawn of Victory","/storage/emulated/0/Music/BeatPark/190.03 - Rhapsody - Dawn of Victory.mp3"
15102,"The Supremes","You Can_t Hurry Love","/storage/emulated/0/Music/BeatPark/194.97 - The Supremes - You Can_t Hurry Love.mp3"
14408,"Propellerheads","History Repeating","/storage/emulated/0/Music/BeatPark/144.04 - Propellerheads - History Repeating.mp3"
14059,"Yuaneco Y Su Combo","Me_Robaron_Mi_Runa_Mula","/storage/emulated/0/Music/BeatPark/133.67 - Yuaneco Y Su Combo - Me_Robaron_Mi_Runa_Mula.mp3"
14820,"Cyndi Lauper","Maybe He_ll Know","/storage/emulated/0/Music/BeatPark/167.68 - Cyndi Lauper - Maybe He_ll Know.mp3"
14261,"Omar Souleyman","Warni Warni","/storage/emulated/0/Music/BeatPark/139.91 - Omar Souleyman - Warni Warni.mp3"
14797,"Brett Dennen","Sydney Ill come Running","/storage/emulated/0/Music/BeatPark/165.29 - Brett Dennen - Sydney Ill come Running.mp3"
14847,"The Space Cossacks","Transylvanian Orbit","/storage/emulated/0/Music/BeatPark/168.30 - The Space Cossacks - Transylvanian Orbit.mp3"
11450,"Serge Gainsbourg","Elisa","/storage/emulated/0/Music/BeatPark/084.13 - Serge Gainsbourg - Elisa.mp3"
14803,"Glen Miller","In the Mood","/storage/emulated/0/Music/BeatPark/165.71 - Glen Miller - In the Mood.mp3"
13598,"Paul Kalkbrenner","Berlin Calling","/storage/emulated/0/Music/BeatPark/127.02 - Paul Kalkbrenner - Berlin Calling.mp3"
13343,"Francoise Hardy","Comment te dire adieu (It hurts to say goodbye)","/storage/emulated/0/Music/BeatPark/123.93 - Francoise Hardy - Comment te dire adieu (It hurts to say goodbye).mp3"
15054,"Saint Motel","To my Enemies","/storage/emulated/0/Music/BeatPark/185.32 - Saint Motel - To my Enemies.mp3"
14957,"La Banda Gorda","Que No Se Acabe el Mambo","/storage/emulated/0/Music/BeatPark/176.06 - La Banda Gorda - Que No Se Acabe el Mambo.mp3"
14929,"Foo Fighters","Monkey Wrench","/storage/emulated/0/Music/BeatPark/174.22 - Foo Fighters - Monkey Wrench.mp3"
15116,"Aerosmith","Toys in the Attic","/storage/emulated/0/Music/BeatPark/198.14 - Aerosmith - Toys in the Attic.mp3"
14909,"Mohammad Al Hasan Abo Abid","Back Streets of Cairo","/storage/emulated/0/Music/BeatPark/173.60 - Mohammad Al Hasan Abo Abid - Back Streets of Cairo.mp3"
11750,"Yannick Noah","Destination ailleurs","/storage/emulated/0/Music/BeatPark/091.98 - Yannick Noah - Destination ailleurs.mp3"
14579,"The Kooks","Ooh la la","/storage/emulated/0/Music/BeatPark/150.74 - The Kooks - Ooh la la.mp3"
14812,"Pretenders","Middle of the Road","/storage/emulated/0/Music/BeatPark/166.95 - Pretenders - Middle of the Road.mp3"
14989,"Shakira","Objection Tango","/storage/emulated/0/Music/BeatPark/179.05 - Shakira - Objection Tango.mp3"
14897,"Metallica","Holier Than Thou","/storage/emulated/0/Music/BeatPark/172.28 - Metallica - Holier Than Thou.mp3"
14369,"Belle and Sebastian","The Boy With The Arab Strap","/storage/emulated/0/Music/BeatPark/142.79 - Belle and Sebastian - The Boy With The Arab Strap.mp3"
14406,"Bruno Mars","Locked Out of Heaven","/storage/emulated/0/Music/BeatPark/144.00 - Bruno Mars - Locked Out of Heaven.mp3"
13039,"Depeche Mode","People Are People","/storage/emulated/0/Music/BeatPark/119.94 - Depeche Mode - People Are People.mp3"
15050,"Micropoint","Noise Theatre","/storage/emulated/0/Music/BeatPark/184.93 - Micropoint - Noise Theatre.mp3"
14373,"Omar Souleyman","Yumma Yumma","/storage/emulated/0/Music/BeatPark/142.91 - Omar Souleyman - Yumma Yumma.mp3"
14824,"Tango","Spellbound","/storage/emulated/0/Music/BeatPark/167.86 - Tango - Spellbound.mp3"
14753,"Scooter","Move Your Ass","/storage/emulated/0/Music/BeatPark/160.45 - Scooter - Move Your Ass.mp3"
11606,"The Scottish Bagpipes Highland Pipes","Battle on the Tyne","/storage/emulated/0/Music/BeatPark/089.21 - The Scottish Bagpipes Highland Pipes - Battle on the Tyne.mp3"
11385,"Depeche Mode","Wrong","/storage/emulated/0/Music/BeatPark/081.90 - Depeche Mode - Wrong.mp3"
15084,"Raul Acosta y Oro Solido","Sazon","/storage/emulated/0/Music/BeatPark/190.20 - Raul Acosta Y Oro Solido - Sazon.mp3"
11708,"Skid Row","18 And Life","/storage/emulated/0/Music/BeatPark/090.39 - Skid Row - 18 And Life.mp3"
11822,"Simon and Garfunkel","The Boxer","/storage/emulated/0/Music/BeatPark/093.15 - Simon and Garfunkel - The Boxer.mp3"
15128,"The Cast of Cheers","Trucks at Night","/storage/emulated/0/Music/BeatPark/199.94 - The Cast of Cheers - Trucks at Night.mp3"
14934,"Ray Charles","What_d I Say","/storage/emulated/0/Music/BeatPark/174.64 - Ray Charles - What_d I Say.mp3"
14217,"Peter Bjorn and John","Young Folks","/storage/emulated/0/Music/BeatPark/138.26 - Peter Bjorn and John - Young Folks.mp3"
14749,"Squarepusher","Welcome to Europe","/storage/emulated/0/Music/BeatPark/160.19 - Squarepusher - Welcome to Europe.mp3"
14223,"Admiral FreeBee","Einstein Brain","/storage/emulated/0/Music/BeatPark/138.39 - Admiral FreeBee - Einstein Brain.mp3"
14334,"Daft Punk","Superheroes","/storage/emulated/0/Music/BeatPark/140.83 - Daft Punk - Superheroes.mp3"
14117,"Fleetwood Mac","Go Your Own Way","/storage/emulated/0/Music/BeatPark/135.74 - Fleetwood Mac - Go Your Own Way.mp3"
14654,"Men Without Hats","Where Do the Boys Go","/storage/emulated/0/Music/BeatPark/156.84 - Men Without Hats - Where Do the Boys Go.mp3"
13128,"Marc Almond","A Lover Spurned","/storage/emulated/0/Music/BeatPark/120.20 - Marc Almond - A Lover Spurned.mp3"
12881,"Omar Souleyman","Wenu Wenu","/storage/emulated/0/Music/BeatPark/117.91 - Omar Souleyman - Wenu Wenu.mp3"
14046,"The Kinks","There Will Be No Next Time","/storage/emulated/0/Music/BeatPark/133.32 - The Kinks - There Will Be No Next Time.mp3"
14770,"Count Basic and KD","Speechless drum and bass","/storage/emulated/0/Music/BeatPark/163.89 - Count Basic and KD - Speechless drum and bass.mp3"
13191,"Kool and The Gang","Celebration","/storage/emulated/0/Music/BeatPark/121.76 - Kool and The Gang - Celebration.mp3"
11831,"Ace of Base","All That She Wants","/storage/emulated/0/Music/BeatPark/093.77 - Ace of Base - All That She Wants.mp3"
11313,"Four Tops","Keeper of the Castle","/storage/emulated/0/Music/BeatPark/078.91 - Four Tops - Keeper of the Castle.mp3"
11456,"Bobby Caldwel","What You Won_t Do For Love","/storage/emulated/0/Music/BeatPark/084.53 - Bobby Caldwel - What You Won_t Do For Love.mp3"
12037,"Bustan Abraham","Abadai","/storage/emulated/0/Music/BeatPark/097.78 - Bustan Abraham - Abadai.mp3"
14440,"DJ Food","A Little Samba","/storage/emulated/0/Music/BeatPark/145.43 - DJ Food - A Little Samba.mp3"
12149,"The Spy From Cairo","Alladin Dub","/storage/emulated/0/Music/BeatPark/100.03 - The Spy From Cairo - Alladin Dub.mp3"
13149,"MIKA","Relax Take it Easy","/storage/emulated/0/Music/BeatPark/120.95 - MIKA - Relax Take it Easy.mp3"
14914,"Sub Focus","Follow the Light","/storage/emulated/0/Music/BeatPark/173.88 - Sub Focus - Follow the Light.mp3"
15058,"David Bowie","Panic In Detroit","/storage/emulated/0/Music/BeatPark/185.76 - David Bowie - Panic In Detroit.mp3"
14667,"Timbuk 3","The Future_s so Bright I Gotta Wear Shades","/storage/emulated/0/Music/BeatPark/158.00 - Timbuk 3 - The Future_s so Bright I Gotta Wear Shades.mp3"
11435,"Zouzou","Il est parti comme il etait venu","/storage/emulated/0/Music/BeatPark/083.53 - Zouzou - Il est parti comme il etait venu.mp3"
14969,"Don Henley","The Boys of Summer","/storage/emulated/0/Music/BeatPark/177.56 - Don Henley - The Boys of Summer.mp3"
14991,"Metallica","Jump In The Fire","/storage/emulated/0/Music/BeatPark/179.09 - Metallica - Jump In The Fire.mp3"
14795,"Tokyo Ghetto Pussy","I Kiss Your Lips","/storage/emulated/0/Music/BeatPark/164.99 - Tokyo Ghetto Pussy - I Kiss Your Lips.mp3"
14502,"Kings of Leon","Charmer","/storage/emulated/0/Music/BeatPark/149.34 - Kings of Leon - Charmer.mp3"
14493,"Venetian Snares","December","/storage/emulated/0/Music/BeatPark/149.09 - Venetian Snares - December.mp3"
11570,"Warrant","Cherry Pie","/storage/emulated/0/Music/BeatPark/088.22 - Warrant - Cherry Pie.mp3"
14656,"Bill Haley","See You Alligator","/storage/emulated/0/Music/BeatPark/157.46 - Bill Haley - See You Alligator.mp3"
11759,"All That Remains","For You","/storage/emulated/0/Music/BeatPark/092.01 - All That Remains - For You.mp3"
11277,"Shades of the Abyss","Sanctum","/storage/emulated/0/Music/BeatPark/072.74 - Shades of the Abyss - Sanctum.mp3"
14786,"Wall of Voodoo","Mexican Radio","/storage/emulated/0/Music/BeatPark/164.84 - Wall of Voodoo - Mexican Radio.mp3"
14807,"James Brown","Who_s Afraid of Virginia Woolf","/storage/emulated/0/Music/BeatPark/166.62 - James Brown - Who_s Afraid of Virginia Woolf.mp3"
14555,"Mando Diao","Dance With Somebody","/storage/emulated/0/Music/BeatPark/150.12 - Mando Diao - Dance With Somebody.mp3"
11382,"Vladimir Cosma","Michel Strogoff","/storage/emulated/0/Music/BeatPark/081.72 - Vladimir Cosma - Michel Strogoff.mp3"
14747,"The Real McKenzies","Chip","/storage/emulated/0/Music/BeatPark/160.16 - The Real McKenzies - Chip.mp3"
11953,"Squeeze","Tempted","/storage/emulated/0/Music/BeatPark/095.96 - Squeeze - Tempted.mp3"
11627,"Instrumental Core","March of Warriors","/storage/emulated/0/Music/BeatPark/089.89 - Instrumental Core - March of Warriors.mp3"
15004,"Metric","Gold Guns Girls","/storage/emulated/0/Music/BeatPark/180.02 - Metric - Gold Guns Girls.mp3"
14089,"Iggy Pop","The Passenger","/storage/emulated/0/Music/BeatPark/134.78 - Iggy Pop - The Passenger.mp3"
14162,"James Brown","Stone Cold Drag","/storage/emulated/0/Music/BeatPark/136.52 - James Brown - Stone Cold Drag.mp3"
14975,"Diko Iliev","Danubian Horo","/storage/emulated/0/Music/BeatPark/177.89 - Diko Iliev - Danubian Horo.mp3"
14648,"Mathias Duplessy and The Violins of the World","Crazy Horse","/storage/emulated/0/Music/BeatPark/156.28 - Mathias Duplessy and The Violins of the World - Crazy Horse.mp3"
14836,"DJ Paul Elstack","Rainbow in the Sky","/storage/emulated/0/Music/BeatPark/167.99 - DJ Paul Elstack - Rainbow in the Sky.mp3"
14476,"The Knack","My Sharona","/storage/emulated/0/Music/BeatPark/148.01 - The Knack - My Sharona.mp3"
14905,"The Dirty Dozen Brass Band","That_s How You Got Killed Before","/storage/emulated/0/Music/BeatPark/173.12 - The Dirty Dozen Brass Band - That_s How You Got Killed Before.mp3"
15090,"Kivotronic","This Is Not A Dream","/storage/emulated/0/Music/BeatPark/191.07 - Kivotronic - This Is Not A Dream.mp3"
13691,"Nadi Ali and Starkillers","Pressure","/storage/emulated/0/Music/BeatPark/127.99 - Nadi Ali and Starkillers - Pressure.mp3"
15064,"Boney James","Got It Goin On","/storage/emulated/0/Music/BeatPark/188.33 - Boney James - Got It Goin On.mp3"
14921,"Black Sun Empire","Chaingang (Jade remix)","/storage/emulated/0/Music/BeatPark/173.99 - Black Sun Empire - Chaingang (Jade remix).mp3"
11376,"Crowded House","Don_t Dream It_s Over","/storage/emulated/0/Music/BeatPark/081.53 - Crowded House - Don_t Dream It_s Over.mp3"
14626,"The Fratellis","Chelsea Dagger","/storage/emulated/0/Music/BeatPark/155.00 - The Fratellis - Chelsea Dagger.mp3"
15120,"Per Borthen Swing Dpt","Esquire Bounce","/storage/emulated/0/Music/BeatPark/199.23 - Per Borthen Swing Dpt - Esquire Bounce.mp3"
14778,"Apollo 440","Ain_t Talkin Bout Dub","/storage/emulated/0/Music/BeatPark/164.14 - Apollo 440 - Ain_t Talkin Bout Dub.mp3"
14044,"ACDC","Thunderstruck","/storage/emulated/0/Music/BeatPark/133.05 - ACDC - Thunderstruck.mp3"
13375,"Felix Jaehn","Shine-Extended Mix","/storage/emulated/0/Music/BeatPark/124.01 - Felix Jaehn - Shine-Extended Mix.mp3"
14365,"Blondie","Call Me","/storage/emulated/0/Music/BeatPark/142.55 - Blondie - Call Me.mp3"
11690,"Adrian Von Ziegler","Song of Brotherhood","/storage/emulated/0/Music/BeatPark/090.00 - Adrian Von Ziegler - Song of Brotherhood.mp3"
14899,"Dick Dale and His Del-Tones","Misrilou","/storage/emulated/0/Music/BeatPark/172.39 - Dick Dale and His Del-Tones - Misrilou.mp3"
14799,"Shiny Toy Guns","Major Tom","/storage/emulated/0/Music/BeatPark/165.62 - Shiny Toy Guns - Major Tom.mp3"
14435,"Tommy Dorsey","Boogie Woogie","/storage/emulated/0/Music/BeatPark/145.02 - Tommy Dorsey - Boogie Woogie.mp3"
11534,"Julien Clerc","On va On vient On reve","/storage/emulated/0/Music/BeatPark/087.54 - Julien Clerc - On va On vient On reve.mp3"
11358,"Joe Dassin","Salut les Amoureux-City of New Orleans","/storage/emulated/0/Music/BeatPark/080.49 - Joe Dassin - Salut les Amoureux-City of New Orleans.mp3"
11872,"Enigma","The Eyes of Truth","/storage/emulated/0/Music/BeatPark/094.81 - Enigma - The Eyes of Truth.mp3"
11908,"Zak Waters","Dear John feat Audra Mae","/storage/emulated/0/Music/BeatPark/095.01 - Zak Waters - Dear John feat Audra Mae.mp3"
15014,"The Blues Brothers","Jailhouse Rock","/storage/emulated/0/Music/BeatPark/180.45 - The Blues Brothers - Jailhouse Rock.mp3"
14585,"The Police","Message in a Bottle","/storage/emulated/0/Music/BeatPark/151.23 - The Police - Message in a Bottle.mp3"
14577,"The Brian Setzer Orchestra","Drive Like Lighting Crash Like Thunder","/storage/emulated/0/Music/BeatPark/150.60 - The Brian Setzer Orchestra - Drive Like Lighting Crash Like Thunder.mp3"
11636,"Katy Perry","Roar","/storage/emulated/0/Music/BeatPark/089.92 - Katy Perry - Roar.mp3"
14660,"Crystal Fighters","I Love London","/storage/emulated/0/Music/BeatPark/157.56 - Crystal Fighters - I Love London.mp3"
14669,"The Strokes","Reptilia","/storage/emulated/0/Music/BeatPark/158.21 - The Strokes - Reptilia.mp3"
14838,"Dhrupad","Civilization","/storage/emulated/0/Music/BeatPark/168.04 - Dhrupad - Civilization.mp3"
14104,"The Smiths","Big Mouth Strikes Again","/storage/emulated/0/Music/BeatPark/135.04 - The Smiths - Big Mouth Strikes Again.mp3"
14662,"Takeshi Terauchi","Test Driver","/storage/emulated/0/Music/BeatPark/157.64 - Takeshi Terauchi - Test Driver.mp3"
13755,"Cher","Woman_s World","/storage/emulated/0/Music/BeatPark/128.06 - Cher - Woman_s World.mp3"
13033,"Sean Paul","We Be Burnin","/storage/emulated/0/Music/BeatPark/119.93 - Sean Paul - We Be Burnin.mp3"
14780,"Avril Lavigne","Girlfriend","/storage/emulated/0/Music/BeatPark/164.17 - Avril Lavigne - Girlfriend.mp3"
14673,"Elefant","Sirens","/storage/emulated/0/Music/BeatPark/158.35 - Elefant - Sirens.mp3"
13555,"Shakira","Addicted to You","/storage/emulated/0/Music/BeatPark/126.01 - Shakira - Addicted to You.mp3"
15012,"Queen","Breakthru","/storage/emulated/0/Music/BeatPark/180.30 - Queen - Breakthru.mp3"
14478,"Two Door Cinema Club","Sleep Alone","/storage/emulated/0/Music/BeatPark/148.06 - Two Door Cinema Club - Sleep Alone.mp3"
14981,"Amarfis and La Banda De Atakke","Meto Mano","/storage/emulated/0/Music/BeatPark/178.13 - Amarfis and La Banda De Atakke - Meto Mano.mp3"
14927,"Rihanna","Umbrella feat JayZ","/storage/emulated/0/Music/BeatPark/174.14 - Rihanna - Umbrella feat JayZ.mp3"
14883,"Charlie Barnet","Cherokee","/storage/emulated/0/Music/BeatPark/171.54 - Charlie Barnet - Cherokee.mp3"
11899,"The Legend","Bella Chao_Mix","/storage/emulated/0/Music/BeatPark/095.00 - The Legend - Bella Chao_Mix.mp3"
14907,"Cher","Holdin Out For Love","/storage/emulated/0/Music/BeatPark/173.59 - Cher - Holdin Out For Love.mp3"
14616,"Green Nuns of the Revolution","Atomic Armadillo","/storage/emulated/0/Music/BeatPark/154.84 - Green Nuns of the Revolution - Atomic Armadillo.mp3"
14566,"Paolo Nutini","New Shoes","/storage/emulated/0/Music/BeatPark/150.19 - Paolo Nutini - New Shoes.mp3"
14644,"Kaiser Chiefs","Never Miss a Beat","/storage/emulated/0/Music/BeatPark/155.96 - Kaiser Chiefs - Never Miss a Beat.mp3"
11705,"Owl City","Fireflies","/storage/emulated/0/Music/BeatPark/090.03 - Owl City - Fireflies.mp3"
15122,"Casey James","Crying on a Suitcase","/storage/emulated/0/Music/BeatPark/199.44 - Casey James - Crying on a Suitcase.mp3"
11672,"Tom Frager","Give Me That Love-Version Francaise","/storage/emulated/0/Music/BeatPark/089.99 - Tom Frager - Give Me That Love-Version Francaise.mp3"
14237,"Baka Beyond","Baka plays Baka","/storage/emulated/0/Music/BeatPark/139.26 - Baka Beyond - Baka plays Baka.mp3"
13955,"Sleeparchive","Transposition Reverse","/storage/emulated/0/Music/BeatPark/130.00 - Sleeparchive - Transposition Reverse.mp3"
11723,"Enrique Iglesias","Bailando-Spanish Version","/storage/emulated/0/Music/BeatPark/091.03 - Enrique Iglesias - Bailando-Spanish Version.mp3"
14375,"Gene Chandler","There Was a Time","/storage/emulated/0/Music/BeatPark/142.92 - Gene Chandler - There Was a Time.mp3"
15000,"Takeshi Terauchi","Black Carnation","/storage/emulated/0/Music/BeatPark/179.58 - Takeshi Terauchi - Black Carnation.mp3"
12242,"Calvin Harris","Neon Rocks","/storage/emulated/0/Music/BeatPark/103.49 - Calvin Harris - Neon Rocks.mp3"
14311,"Rayzd","Tank","/storage/emulated/0/Music/BeatPark/140.11 - Rayzd - Tank.mp3"
14587,"Justice","Audio Video Disco","/storage/emulated/0/Music/BeatPark/151.54 - Justice - Audio Video Disco.mp3"
11453,"Bee Gees","You Win Again","/storage/emulated/0/Music/BeatPark/084.30 - Bee Gees - You Win Again.mp3"
11492,"Paul McCartney","Great Day","/storage/emulated/0/Music/BeatPark/085.91 - Paul McCartney - Great Day.mp3"
14973,"Missy Elliott","Get Ur Freak On","/storage/emulated/0/Music/BeatPark/177.80 - Missy Elliott - Get Ur Freak On.mp3"
15002,"Creedence Clearwater Revival","Bad Moon Rising","/storage/emulated/0/Music/BeatPark/179.90 - Creedence Clearwater Revival - Bad Moon Rising.mp3"
14020,"Sylvester","You Make Me Feel (Mighty Real)","/storage/emulated/0/Music/BeatPark/131.95 - Sylvester - You Make Me Feel (Mighty Real).mp3"
13258,"The Ember Days","Hope","/storage/emulated/0/Music/BeatPark/122.56 - The Ember Days - Hope.mp3"
15074,"<unknown>","189.74 - Shaggy - It Wasn_t Me","/storage/emulated/0/Music/BeatPark/189.74 - Shaggy - It Wasn_t Me.mp3"
14583,"Boys Like Girls","Love Drunk","/storage/emulated/0/Music/BeatPark/151.01 - Boys Like Girls - Love Drunk.mp3"
14297,"Hilight Tribe","Giovani","/storage/emulated/0/Music/BeatPark/140.03 - Hilight Tribe - Giovani.mp3"
14231,"Kylie Minogue","Tears","/storage/emulated/0/Music/BeatPark/138.89 - Kylie Minogue - Tears.mp3"
15098,"Alphabet","Fascination","/storage/emulated/0/Music/BeatPark/194.13 - Alphabet - Fascination.mp3"
14155,"The Cure","Friday I_m in Love","/storage/emulated/0/Music/BeatPark/136.19 - The Cure - Friday I_m in Love.mp3"
15030,"Elvis Presley","Promised Land","/storage/emulated/0/Music/BeatPark/182.47 - Elvis Presley - Promised Land.mp3"
12060,"The Jackson 5","I Want You Back","/storage/emulated/0/Music/BeatPark/098.06 - The Jackson 5 - I Want You Back.mp3"
14322,"Tabla Beat Science","Palmistry","/storage/emulated/0/Music/BeatPark/140.17 - Tabla Beat Science - Palmistry.mp3"
11929,"Enigma","Sadeness_Part_I","/storage/emulated/0/Music/BeatPark/095.78 - Enigma - Sadeness_Part_I.mp3"
15134,"Daft Punk","Lose Yourself to Dance","/storage/emulated/0/Music/BeatPark/200.58 - Daft Punk - Lose Yourself to Dance.mp3"
14611,"The Black Eyed Peas","Pump It","/storage/emulated/0/Music/BeatPark/154.01 - The Black Eyed Peas - Pump It.mp3"
13250,"Michael Jackson","Wanna Be Startin Somethin","/storage/emulated/0/Music/BeatPark/122.21 - Michael Jackson - Wanna Be Startin Somethin.mp3"
11388,"Poolside","Slow Down","/storage/emulated/0/Music/BeatPark/081.99 - Poolside - Slow Down.mp3"
15066,"Front Line Assembly","Hatred by Society","/storage/emulated/0/Music/BeatPark/189.05 - Front Line Assembly - Hatred by Society.mp3"
15028,"MGMT","Brian Eno","/storage/emulated/0/Music/BeatPark/182.08 - MGMT - Brian Eno.mp3"
14736,"Kaiser Chiefs","Everyday I Love You Less and Less","/storage/emulated/0/Music/BeatPark/160.02 - Kaiser Chiefs - Everyday I Love You Less and Less.mp3"
11786,"Jean-Jacques Goldman","Je Commence Demain","/storage/emulated/0/Music/BeatPark/092.05 - Jean-Jacques Goldman - Je Commence Demain.mp3"
12001,"Blondie","The Tide Is High","/storage/emulated/0/Music/BeatPark/096.96 - Blondie - The Tide Is High.mp3"
14239,"Buraka Som Sistema","Vuvuzela","/storage/emulated/0/Music/BeatPark/139.32 - Buraka Som Sistema - Vuvuzela.mp3"
11495,"Indila","Ego","/storage/emulated/0/Music/BeatPark/085.96 - Indila - Ego.mp3"
14035,"Gene Chandler","Time Is A Thief","/storage/emulated/0/Music/BeatPark/132.43 - Gene Chandler - Time Is A Thief.mp3"
14355,"Ashley Tisdale","Delete You","/storage/emulated/0/Music/BeatPark/142.00 - Ashley Tisdale - Delete You.mp3"
14867,"Raul Acosta y Oro Solido","Palo Pa La Pinata","/storage/emulated/0/Music/BeatPark/170.08 - Raul Acosta Y Oro Solido - Palo Pa La Pinata.mp3"
13188,"Supertramp","It_s Raining Again","/storage/emulated/0/Music/BeatPark/121.66 - Supertramp - It_s Raining Again.mp3"
14675,"Young Dubliners","The Rocky Road to Dublin","/storage/emulated/0/Music/BeatPark/158.45 - Young Dubliners - The Rocky Road to Dublin.mp3"
15100,"Phoenix","Lisztomania","/storage/emulated/0/Music/BeatPark/194.52 - Phoenix - Lisztomania.mp3"
14818,"The Labrats","Give My Soul (Kruder and Dorfmeister remix)","/storage/emulated/0/Music/BeatPark/167.65 - The Labrats - Give My Soul (Kruder and 